1.0E-5	6539.92635817433
0.01001999999999976	6368.991693931932
0.020029999999999354	6207.1819063618905
0.030039999999998946	6049.175810179889
0.04004000000000159	5826.91304257191
0.05004000000000465	5609.7071188222535
0.06004000000000771	5504.939544648082
0.07005000000000554	5510.909467946522
0.08006000000000166	5509.338779776825
0.09006999999999778	5464.304238132473
0.1000799999999939	5279.997008428158
0.11008999999999002	5249.7024819555545
0.12009999999998613	5224.618390420314
0.13009999999998934	5224.255652252187
0.14009999999999934	5224.476896395924
0.15010000000000934	5219.553974100669
0.16010000000001934	5215.720441515635
0.17010000000002934	5204.249656173308
0.18010000000003934	5195.0921315689475
0.19010000000004934	5205.801588962877
0.20010000000005934	5226.347048672367
0.21010000000006934	5253.0946315002375
0.22010000000007934	5285.662739451329
0.23010000000008934	5323.689205036426
0.24010000000009935	5366.724450167231
0.25010000000010935	5414.917376033119
0.26010000000011935	5467.344941484437
0.27010000000012935	5518.826530411587
0.28010000000013935	5570.812024526569
0.29010000000014935	5629.604657416673
0.30010000000015935	5699.714996992184
0.31010000000016935	5783.89536322603
0.32010000000017935	5850.92422350087
0.33010000000018935	5900.577793024567
0.34010000000019935	5955.33051552709
0.35010000000020935	5855.971078295253
0.36010000000021936	5978.6924368456375
0.37010000000022936	6090.750150311395
0.38010000000023936	6185.666294530632
0.39010000000024936	6278.245769854486
0.40010000000025936	6369.730433110353
0.41010000000026936	6457.777816548206
0.42010000000027936	6505.536066173993
0.43010000000028936	6540.093571992742
0.44010000000029936	6573.027009191143
0.45010000000030936	6693.58770518544
0.46010000000031936	6814.240416252689
0.47010000000032937	6915.318878338006
0.48010000000033937	6991.285588990981
0.49010000000034937	7051.978617430462
0.5001000000003588	7109.169461345129
0.5101100000003133	7182.003864775359
0.5201200000002677	7261.491221627129
0.5301300000002221	7339.070068471515
0.5401400000001766	7411.376791809179
0.550150000000131	7480.655333377743
0.5601600000000855	7547.033350652034
0.5701700000000399	7610.447197581807
0.5801799999999944	7670.549540746455
0.5901899999999488	7724.084517835767
0.6001999999999033	7707.107370300704
0.6102099999998577	7679.44356441232
0.6202199999998121	7690.058220857855
0.6302299999997666	7783.8103711651365
0.640239999999721	7880.560573645944
0.6502499999996755	7967.718720201175
0.6602599999996299	8035.61802338526
0.6702699999995844	8096.217705511406
0.6802799999995388	8152.64240954923
0.6902899999994933	8204.568600176673
0.7002999999994477	8239.272255841352
0.7103099999994021	8238.745245237631
0.7203199999993566	8209.85004949559
0.730329999999311	8208.501536794303
0.7403399999992655	8338.395606559061
0.7503499999992199	8452.879339679468
0.7603599999991744	8535.635181519097
0.7703699999991288	8585.193194957694
0.7803799999990833	8623.536937029621
0.7903899999990377	8650.738448334201
0.8003999999989921	8695.575113050858
0.8104099999989466	8764.718612057424
0.820419999998901	8820.062204221098
0.8304299999988555	8841.101166835646
0.8404399999988099	8845.948640036435
0.8504499999987644	8854.89817821165
0.8604599999987188	8924.286020823207
0.8704699999986732	8985.362269795158
0.8804799999986277	9030.946847721416
0.8904899999985821	9056.568923319524
0.9004999999985366	9078.740469620088
0.910509999998491	9099.618450061354
0.9205199999984455	9119.922530106054
0.9305299999983999	9140.586829815124
0.9405399999983544	9162.993589293294
0.9505499999983088	9062.80236461838
0.9605599999982632	9088.02477210092
0.9705699999982177	9126.915842831702
0.9805799999981721	9181.384952148444
0.9905899999981266	9236.309165813635
1.0005999999980877	9280.87804568245
1.0105999999981532	9322.005018128262
1.0205999999982187	9319.349829575727
1.0305999999982842	9283.606790393953
1.0405999999983497	9257.762074453696
1.0505999999984152	9265.070071654583
1.0605999999984808	9308.796066360552
1.0705999999985463	9300.423241054214
1.0805999999986118	9266.679200962955
1.0905999999986773	9134.955893820685
1.1005999999987428	9132.022603138703
1.1105999999988083	9186.810991641141
1.1205999999988738	9242.17086423219
1.1305999999989393	9280.737287086196
1.1405999999990049	9295.279392983779
1.1505999999990704	9275.41941196411
1.1605999999991359	9268.787191557827
1.1705999999992014	9244.908456523346
1.180599999999267	9175.553392281563
1.1905999999993324	9204.024488391766
1.200599999999398	9047.361048641047
1.2105999999994634	9069.677050575836
1.220599999999529	9097.829482743084
1.2305999999995945	9117.643872653323
1.24059999999966	9111.970578052727
1.2505999999997255	9105.251019501864
1.260599999999791	9085.96162881834
1.2705999999998565	9052.139987181565
1.280599999999922	9006.16785625371
1.2905999999999875	8977.319169711065
1.300600000000053	8971.62810174228
1.3106000000001186	8740.67463634783
1.320600000000184	8726.477236707227
1.3306000000002496	8774.731977135656
1.340600000000315	8847.62340936728
1.3506000000003806	8879.174124652138
1.3606000000004461	8893.271116331103
1.3706000000005116	8947.798388318854
1.3806000000005771	8991.384470282856
1.3906000000006427	9016.958348020158
1.4006000000007082	8803.92598528364
1.4106000000007737	8802.43744516523
1.4206000000008392	8799.111054776242
1.4306000000009047	8808.526251180594
1.4406000000009702	8834.810119375234
1.4506000000010357	8858.62965128517
1.4606000000011012	8877.531829258227
1.4706000000011668	8890.749648039562
1.4806000000012323	8898.23006230176
1.4906000000012978	8907.776519375093
1.5006000000013633	8930.68472212646
1.5106000000014288	8952.752338500008
1.5206000000014943	8959.800938540977
1.5306000000015598	8953.987438070444
1.5406000000016253	8921.134339128106
1.5506000000016908	8872.934731864563
1.5606000000017564	8660.739238320135
1.5706000000018219	8608.057092271061
1.5806000000018874	8543.358357590818
1.590600000001953	8505.22278092125
1.6006000000020184	8572.99927741307
1.610600000002084	8642.621952976493
1.6206000000021494	8478.501168149447
1.630600000002215	8479.191001156192
1.6406000000022805	8484.094551095357
1.650600000002346	8488.025428243096
1.6606000000024115	8487.143883829955
1.670600000002477	8480.581741880842
1.6806000000025425	8466.761005796894
1.690600000002608	8445.075132778282
1.7006000000026735	8402.717909655748
1.710600000002739	8361.445526396375
1.7206000000028046	8342.408933046047
1.73060000000287	8331.089944846588
1.7406000000029356	8355.613027530477
1.750600000003001	8258.580318172959
1.7606000000030666	8288.743811826234
1.7706000000031321	8125.820844341113
1.7806000000031976	8160.126437799421
1.7906000000032631	8193.117910551075
1.8006000000033286	8214.119617854112
1.8106000000033942	8229.949579224225
1.8206000000034597	8219.821893174058
1.8306000000035252	8220.69825236388
1.8406000000035907	8218.983331817857
1.8506000000036562	8219.104973727683
1.8606000000037217	8206.359443659108
1.8706000000037872	8165.532750598849
1.8806000000038527	7952.922441949673
1.8906000000039183	7859.051727105739
1.9006000000039838	7818.519463630132
1.9106000000040493	7837.069291088744
1.9206000000041148	7800.7441189536
1.9306000000041803	7825.480400869331
1.9406000000042458	7877.364112085497
1.9506000000043113	7758.102476378075
1.9606000000043768	7548.549802538468
1.9706000000044424	7481.968129993637
1.9806000000045079	7566.164628878838
1.9906000000045734	7624.602478318668
2.000600000004639	7411.24886012864
2.0106000000047044	7104.020636295698
2.02060000000477	7057.767110172305
2.0306000000048354	7049.029444983527
2.040600000004901	6975.64515761774
2.0506000000049665	6884.4408816118075
2.060600000005032	6900.00969660608
2.0706000000050975	6962.678279075348
2.080600000005163	6902.70742406401
2.0906000000052285	6805.597271560051
2.100600000005294	6653.040969426208
2.1106000000053595	6699.606664868472
2.120600000005425	6489.937783506074
2.1306000000054905	6436.250650595255
2.140600000005556	6401.238487676589
2.1506000000056216	6275.745829132877
2.160600000005687	6272.278970520028
2.1706000000057526	6254.829633712529
2.180600000005818	6288.191744694688
2.1906000000058836	6265.625888123423
2.200600000005949	6093.093935303993
2.2106000000060146	5967.751575260916
2.22060000000608	6006.665096818785
2.2306000000061457	6033.848397221442
2.240600000006211	6028.7451794110275
2.2506000000062767	6033.877469447165
2.260600000006342	6064.032015177242
2.2706000000064077	6039.418187266777
2.2806000000064732	5742.064695860765
2.2906000000065387	5693.599889348314
2.3006000000066043	5749.110656451494
2.3106000000066698	5808.925278246329
2.3206000000067353	5743.412168633646
2.330600000006801	5619.830328926399
2.3406000000068663	5507.4494636798245
2.350600000006932	5496.831096535285
2.3606000000069973	5385.913404647525
2.370600000007063	5083.896589710729
2.3806000000071283	5016.375454732084
2.390600000007194	5014.538363430492
2.4006000000072594	4934.412515329894
2.410600000007325	4818.979356711079
2.4206000000073904	4789.8678160771215
2.430600000007456	4878.692376107603
2.4406000000075214	4846.633342734087
2.450600000007587	4732.010936855558
2.4606000000076524	4596.513655440588
2.470600000007718	4596.175232776893
2.4806000000077835	4715.050386112434
2.490600000007849	4715.568780407519
2.5006000000079145	4672.595420577947
2.51060000000798	4501.0467244089095
2.5206000000080455	4338.743266059651
2.530600000008111	4348.135670681409
2.5406000000081765	4398.2555489321785
2.550600000008242	4384.24778324673
2.5606000000083076	4350.081776740743
2.570600000008373	4326.266343998773
2.5806000000084386	4357.585871031719
2.590600000008504	4388.018690306574
2.6006000000085696	4329.830465072559
2.610600000008635	4226.7493396672
2.6206000000087006	4179.417246394708
2.630600000008766	4252.996116191391
2.6406000000088317	4299.204207212312
2.650600000008897	4273.37181066343
2.6606000000089627	4249.942969255268
2.670600000009028	4222.833141449404
2.6806000000090937	4177.123991308147
2.690600000009159	4155.175657718541
2.7006000000092247	4122.158721095799
2.7106000000092902	4094.8074748501
2.7206000000093558	4082.4300645267417
2.7306000000094213	4089.5415664349684
2.740600000009487	4047.9744843493254
2.7506000000095523	4113.574105433262
2.760600000009618	4126.894248265762
2.7706000000096833	4100.119688667901
2.780600000009749	4018.731860559788
2.7906000000098143	3992.1661937271447
2.80060000000988	3951.7413503317616
2.8106000000099454	3866.10946158299
2.820600000010011	3789.8582521467265
2.8306000000100764	3726.20464925621
2.840600000010142	3728.0765125202583
2.8506000000102074	3735.4853905498776
2.860600000010273	3653.405118909681
2.8706000000103384	3631.997969865568
2.880600000010404	3632.0139886949087
2.8906000000104695	3623.613109000543
2.900600000010535	3597.377610195162
2.9106000000106005	3591.9277937280895
2.920600000010666	3584.6547849899625
2.9306000000107315	3586.8580027326025
2.940600000010797	3560.0495539938815
2.9506000000108625	3452.289183121646
2.960600000010928	3502.0644935850764
2.9706000000109936	3545.388228935428
2.980600000011059	3516.971809407861
2.9906000000111246	3450.498410557609
3.00060000001119	3370.5575405988684
3.0106000000112556	3281.496511494669
3.020600000011321	3198.682090218351
3.0306000000113866	3222.74003722516
3.040600000011452	3276.2315277267144
3.0506000000115177	3261.6358893846455
3.060600000011583	3260.570985033016
3.0706000000116487	3144.356995896024
3.080600000011714	3085.185377766527
3.0906000000117797	3079.6751961768923
3.100600000011845	3101.2253242783495
3.1106000000119107	3006.3829151382492
3.1206000000119762	3057.4393470125488
3.1306000000120418	3058.2721838009534
3.1406000000121073	2993.1377046029716
3.1506000000121728	2950.4864279178673
3.1606000000122383	2807.202958967397
3.170600000012304	2748.2614530552014
3.1806000000123693	2719.4618934656796
3.190600000012435	2694.7808706121587
3.2006000000125003	2595.04038477119
3.210600000012566	2611.8632646649307
3.2206000000126314	2694.243838365009
3.230600000012697	2535.167765362758
3.2406000000127624	2544.019725894693
3.250600000012828	2561.9633055458876
3.2606000000128934	2583.7517222696897
3.270600000012959	2530.6198400756875
3.2806000000130244	2489.809236347582
3.29060000001309	2443.5397995365706
3.3006000000131555	2406.980055625472
3.310600000013221	2369.585663902683
3.3206000000132865	2362.4387239748457
3.330600000013352	2214.746312278411
3.3406000000134175	2035.4713605883546
3.350600000013483	2064.051261621858
3.3606000000135485	2115.425533078284
3.370600000013614	2076.316519963054
3.3806000000136796	1717.2701676022004
3.390600000013745	1642.5233264139508
3.4006000000138106	1716.9251913477835
3.410600000013876	1713.6486085201016
3.4206000000139416	1705.8169909721887
3.430600000014007	1635.5218691660205
3.4406000000140726	1550.7505505892184
3.450600000014138	1533.6649532344413
3.4606000000142036	1599.8573446967766
3.470600000014269	1619.6481350503364
3.4806000000143347	1529.9815949633553
3.4906000000144	1416.3364744219637
3.5006000000144657	1382.8793891569185
3.510600000014531	1531.5776490222368
3.5206000000145967	1512.7546540593466
3.5306000000146622	1501.9221787999302
3.5406000000147277	1350.4268001509458
3.5506000000147933	1211.9470169322583
3.5606000000148588	1153.2261083716783
3.5706000000149243	1107.9541156484386
3.58060000001499	1128.6185814291207
3.5906000000150553	1284.0521275976448
3.600600000015121	1400.1471813413723
3.6106000000151863	1367.4983087444896
3.620600000015252	1249.9325021397717
3.6306000000153174	1204.2501137476556
3.640600000015383	1156.6627864519232
3.6506000000154484	1151.133062022972
3.660600000015514	1165.1543467899357
3.6706000000155794	1195.3766036077393
3.680600000015645	1210.1327547711574
3.6906000000157104	1178.0747775406874
3.700600000015776	1156.0849058918889
3.7106000000158414	1162.1075536969774
3.720600000015907	1116.5124214388015
3.7306000000159725	894.3279859564047
3.740600000016038	897.9313554075856
3.7506000000161035	910.0651766767334
3.760600000016169	934.5562074335331
3.7706000000162345	959.5847959661435
3.7806000000163	984.1416521128718
3.7906000000163655	994.5451521855194
3.800600000016431	984.6292814683536
3.8106000000164966	974.9800891001917
3.820600000016562	983.168826200472
3.8306000000166276	1024.0793596115318
3.840600000016693	1093.2522746561106
3.8506000000167586	1153.9156900789205
3.860600000016824	1207.6669975235582
3.8706000000168896	1237.3930433730375
3.880600000016955	1271.9755280393304
3.8906000000170207	1317.32342983273
3.900600000017086	1362.0507439294142
3.9106000000171517	1288.6933735535451
3.920600000017217	1313.9676924577018
3.9306000000172827	1322.6910691276687
3.9406000000173482	1122.6687768594982
3.9506000000174137	1131.3941365221165
3.9606000000174792	1184.255130153551
3.9706000000175448	1207.081500744779
3.9806000000176103	1200.4745488974422
3.990600000017676	1229.0127243782263
4.000600000017714	1288.9426719205026
4.010610000017335	1314.4253530675776
4.020620000016956	1293.106917249199
4.030630000016577	1275.6746242485146
4.040640000016198	1223.9670937177264
4.050650000015819	1149.6832127658697
4.0606600000154405	1086.720672114325
4.0706700000150615	1093.262025315685
4.080680000014683	1040.4544818591953
4.090690000014304	1008.0910523078272
4.100700000013925	1075.673073759866
4.110710000013546	1126.094147309359
4.120720000013167	1120.5610232617948
4.130730000012788	1082.0936894571175
4.140740000012409	1058.4707349967453
4.15075000001203	1009.2524308330254
4.160760000011651	984.0558151833736
4.170770000011272	972.1179596777512
4.180780000010893	970.1383702606436
4.190790000010514	917.9476858392742
4.200800000010135	937.9911473756763
4.210810000009756	988.2746437361251
4.220820000009377	994.4140222314567
4.230830000008998	946.2637092677114
4.240840000008619	896.8129966833238
4.25085000000824	878.7389038837139
4.260860000007861	877.9753183053706
4.270870000007482	958.4324158325642
4.2808800000071034	1028.892843330053
4.2908900000067245	1069.362084571614
4.3009000000063455	1057.8304684517673
4.310910000005967	1011.1590244362725
4.320920000005588	1023.8497940882551
4.330930000005209	1073.5700554080993
4.34094000000483	1068.0870608825041
4.350950000004451	852.4850425956336
4.360960000004072	811.6664695609264
4.370970000003693	833.8516267165193
4.380980000003314	834.9798510566687
4.390990000002935	815.4414143999596
4.401000000002556	868.3087271534093
4.411010000002177	911.7134944586354
4.421020000001798	915.288840754378
4.431030000001419	887.0925347207473
4.44104000000104	835.0536543913764
4.451050000000661	812.4947182028428
4.461060000000282	869.5107971129884
4.471069999999903	904.7134095364415
4.481079999999524	907.410312526646
4.491089999999145	894.878771819983
4.501099999998766	905.5010197272543
4.5111099999983875	928.5271280041311
4.5211199999980085	943.4987051268117
4.5311299999976296	951.7453934301242
4.541139999997251	963.7644631386611
4.551149999996872	855.5589611613425
4.561159999996493	862.0800007128912
4.571169999996114	899.4271653848393
4.581179999995735	911.0068145112825
4.591189999995356	919.717177243143
4.601199999994977	934.1120007930076
4.611209999994598	943.9727835393123
4.621219999994219	947.5989295868585
4.63122999999384	824.3053079238163
4.641239999993461	850.6520541250727
4.651249999993082	883.0102398578695
4.661259999992703	908.8250525515023
4.671269999992324	929.3801933722502
4.681279999991945	945.8593139255966
4.691289999991566	960.4423346054941
4.701299999991187	974.635517775901
4.711309999990808	991.8110817496645
4.721319999990429	1002.6078475231296
4.73132999999005	1005.7156464678275
4.7413399999896715	997.8624207524375
4.7513499999892925	740.7473450878098
4.761359999988914	711.3059331321051
4.771369999988535	745.737450196167
4.781379999988156	801.1728593458231
4.791389999987777	814.0422152198446
4.801399999987398	760.3714772589477
4.811409999987019	696.79858289227
4.82141999998664	718.5893137978455
4.831429999986261	789.8659301127681
4.841439999985882	804.2719128233423
4.851449999985503	746.8292252908244
4.861459999985124	691.0492988949179
4.871469999984745	701.9321633890098
4.881479999984366	748.7384264042704
4.891489999983987	711.8190540755894
4.901499999983608	642.5295187664259
4.911509999983229	653.3167153473522
4.92151999998285	680.7692330607346
4.931529999982471	674.4174312043621
4.941539999982092	651.6431075037048
4.951549999981713	602.8261708567615
4.9615599999813345	606.5923394502136
4.9715699999809555	641.9404696143137
4.9815799999805765	643.7410783657596
4.991589999980198	613.0415057502819
5.001599999979819	557.4959390650718
5.01160999997944	558.9994076345853
5.021619999979061	574.5117149119363
5.031629999978682	539.0963288340776
5.041639999978303	532.9049107241656
5.051649999977924	559.105940834088
5.061659999977545	544.4941922501263
5.071669999977166	501.0078617040091
5.081679999976787	534.9514181831479
5.091689999976408	570.4494064667573
5.101699999976029	541.8269970586892
5.11170999997565	514.4948067581108
5.121719999975271	513.832366128877
5.131729999974892	506.504050326946
5.141739999974513	488.74993819395957
5.151749999974134	481.2197343672576
5.161759999973755	502.0460704536596
5.171769999973376	502.0843834131134
5.181779999972997	533.697914483479
5.1917899999726185	546.3449893529836
5.2017999999722395	533.9930791450204
5.211809999971861	534.4067038978645
5.221819999971482	574.7464837019531
5.231829999971103	599.522523723068
5.241839999970724	594.8330449481354
5.251849999970345	575.3701600230585
5.261859999969966	569.7938590829116
5.271869999969587	554.2098400640073
5.281879999969208	525.9335397967682
5.291889999968829	503.1579015577767
5.30189999996845	499.3410447620206
5.311909999968071	496.79744891617077
5.321919999967692	373.6707882989125
5.331929999967313	375.23818008497284
5.341939999966934	392.4387229228523
5.351949999966555	392.4587349153743
5.361959999966176	354.92198119222826
5.371969999965797	312.4919207159856
5.381979999965418	327.61773362158567
5.391989999965039	343.83418193985085
5.40199999996466	333.21096934164774
5.4120099999642814	318.22099484849934
5.4220199999639025	313.3075483953966
5.4320299999635235	311.1772446277395
5.442039999963145	301.94795951800955
5.452049999962766	304.11091542979955
5.462059999962387	321.10687138700166
5.472069999962008	335.65212497010145
5.482079999961629	345.4465094930067
5.49208999996125	340.5347284666824
5.502099999960871	330.7638415985724
5.512109999960492	322.4983335559085
5.522119999960113	331.4599796443493
5.532129999959734	334.69013411879257
5.542139999959355	335.8313515562311
5.552149999958976	327.69157808711816
5.562159999958597	320.73901913725643
5.572169999958218	310.79794774349443
5.582179999957839	298.95563024560295
5.59218999995746	287.1291018971285
5.602199999957081	285.49285323900034
5.612209999956702	285.7182723193646
5.622219999956323	288.48853830797384
5.632229999955944	299.3263780496242
5.6422399999555655	318.59616958366314
5.6522499999551865	335.61911297553814
5.6622599999548076	349.91717325297026
5.672269999954429	362.6783714393246
5.68227999995405	365.38478433696525
5.692289999953671	358.0638275614146
5.702299999953292	352.04685749948794
5.712309999952913	355.8725779423802
5.722319999952534	360.75096275303304
5.732329999952155	360.34076783436024
5.742339999951776	355.6103164033876
5.752349999951397	352.44069996953255
5.762359999951018	356.3536598828979
5.772369999950639	370.1350608078799
5.78237999995026	385.1101490936607
5.792389999949881	406.65342530656847
5.802399999949502	416.686042681309
5.812409999949123	418.82523574671535
5.822419999948744	426.43931418668126
5.832429999948365	443.72332783941397
5.842439999947986	472.78293467258845
5.852449999947607	497.73354844833665
5.862459999947228	512.4517156582914
5.8724699999468495	511.83299565661207
5.8824799999464705	487.59549817513874
5.892489999946092	450.1801862689211
5.902499999945713	466.5974440391925
5.912509999945334	542.0646556872656
5.922519999944955	595.596827807464
5.932529999944576	585.7735681229591
5.942539999944197	564.5256828524468
5.952549999943818	601.238930053137
5.962559999943439	680.2927720137848
5.97256999994306	728.2529406413964
5.982579999942681	753.240325866996
5.992589999942302	757.3059304415677
6.002599999941923	759.9248648529267
6.012609999941544	767.4805616352332
6.022619999941165	816.4021534386803
6.032629999940786	860.6047656916423
6.042639999940407	892.0380527012827
6.052649999940028	764.9920213449249
6.062659999939649	586.817484510167
6.07266999993927	575.5521116741689
6.082679999938891	584.8226106345936
6.0926899999385125	599.2604110681979
6.1026999999381335	589.2109444757052
6.1127099999377545	576.7843183244137
6.122719999937376	587.8331731151841
6.132729999936997	600.3102214035722
6.142739999936618	589.0978618115212
6.152749999936239	582.8605647889038
6.16275999993586	584.4473831658928
6.172769999935481	536.2025141440502
6.182779999935102	567.2603381678474
6.192789999934723	602.8939638970841
6.202799999934344	559.6336257951226
6.212809999933965	497.7384649623688
6.222819999933586	491.0701707635731
6.232829999933207	504.170780744285
6.242839999932828	504.2328659607276
6.252849999932449	502.4991505908405
6.26285999993207	505.2257108602162
6.272869999931691	500.96269522484727
6.282879999931312	483.7731447922092
6.292889999930933	477.09630851234334
6.302899999930554	474.4852334300432
6.312909999930175	450.60821469667064
6.3229199999297965	411.8490122352615
6.3329299999294175	389.3604765624302
6.342939999929039	405.49865942502066
6.35294999992866	397.0451049973097
6.362959999928281	358.91122072754007
6.372969999927902	351.1001425013353
6.382979999927523	349.34260197033115
6.392989999927144	364.36830878855085
6.402999999926765	358.57704860175306
6.413009999926386	366.26433100852944
6.423019999926007	386.31546627101727
6.433029999925628	386.2499522389499
6.443039999925249	382.6230770009465
6.45304999992487	391.25436598143926
6.463059999924491	418.2045043372843
6.473069999924112	445.384664544209
6.483079999923733	467.720661779567
6.493089999923354	479.72870454042805
6.503099999922975	485.7639941632923
6.513109999922596	491.1321675406147
6.523119999922217	505.47958250488836
6.533129999921838	521.1042275793515
6.5431399999214594	529.7344171613836
6.5531499999210805	540.2556889111546
6.5631599999207015	546.879740167351
6.573169999920323	561.8643719619016
6.583179999919944	433.71856832199336
6.593189999919565	457.6573362297337
6.603199999919186	488.35323787375756
6.613209999918807	525.0611537474585
6.623219999918428	546.2201676402977
6.633229999918049	568.3103946956936
6.64323999991767	596.8066421342011
6.653249999917291	628.8657962376283
6.663259999916912	651.8481035523841
6.673269999916533	653.9230603920106
6.683279999916154	647.625761247176
6.693289999915775	645.384648116045
6.703299999915396	654.8662323297608
6.713309999915017	671.6447354087256
6.723319999914638	691.3868389940574
6.733329999914259	564.1230030010034
6.74333999991388	590.9671927052402
6.753349999913501	615.0795030390071
6.763359999913122	633.1122266592414
6.7733699999127435	650.311322298749
6.7833799999123645	670.4189424818501
6.7933899999119856	692.8642139543363
6.803399999911607	716.2918255360507
6.813409999911228	738.0692272837815
6.823419999910849	770.3495949409121
6.83342999991047	799.1214356550419
6.843439999910091	654.0461808219104
6.853449999909712	677.84218686385
6.863459999909333	697.4200520118076
6.873469999908954	715.7521128303038
6.883479999908575	736.5269555325433
6.893489999908196	625.2698731475417
6.903499999907817	648.3225167701518
6.913509999907438	670.7996290103262
6.923519999907059	690.5304964007775
6.93352999990668	689.4213078217157
6.943539999906301	682.76641381086
6.953549999905922	688.5295708925912
6.963559999905543	691.13670989798
6.973569999905164	674.8939741536261
6.983579999904785	671.6527234555783
6.993589999904406	702.0337348562423
7.0035999999040275	727.4505240641826
7.0136099999036485	694.8270189066955
7.02361999990327	618.9385254048609
7.033629999902891	599.7027229179106
7.043639999902512	651.0629607308974
7.053649999902133	662.2765092813935
7.063659999901754	653.0654672618169
7.073669999901375	663.428623188026
7.083679999900996	678.9298027082265
7.093689999900617	699.9682545580893
7.103699999900238	719.6617503025631
7.113709999899859	747.5114686919903
7.12371999989948	753.3239169612232
7.133729999899101	746.7756692164571
7.143739999898722	616.5095028739103
7.153749999898343	642.405052775714
7.163759999897964	658.4338758737056
7.173769999897585	640.3488244957268
7.183779999897206	619.3194587999892
7.193789999896827	626.5290737866488
7.203799999896448	635.4129857110859
7.213809999896069	631.7753164831876
7.2238199998956905	612.3836472973094
7.2338299998953115	595.4182217950422
7.2438399998949325	618.3500943141634
7.253849999894554	637.6567396842709
7.263859999894175	624.3494605658082
7.273869999893796	576.076054603654
7.283879999893417	379.9959829445748
7.293889999893038	401.18420611000806
7.303899999892659	461.0051309390989
7.31390999989228	459.4988794596277
7.323919999891901	384.282783181874
7.333929999891522	336.37311071696746
7.343939999891143	366.52433965679757
7.353949999890764	407.81755753720296
7.363959999890385	398.08035693157643
7.373969999890006	338.5537963140203
7.383979999889627	293.60557599886033
7.393989999889248	355.6744457593859
7.403999999888869	388.7765548498173
7.41400999988849	351.270165145774
7.424019999888111	311.44276536502
7.434029999887732	318.52693027640913
7.444039999887353	333.2124682848057
7.4540499998869745	325.3695205906073
7.4640599998865955	313.0299971003855
7.474069999886217	324.17865420494564
7.484079999885838	346.33880770812306
7.494089999885459	367.9628133935867
7.50409999988508	389.42511099128114
7.514109999884701	394.5395723502327
7.524119999884322	377.1479510516438
7.534129999883943	351.351370930235
7.544139999883564	348.7832885802835
7.554149999883185	361.3049100552707
7.564159999882806	373.54394723313567
7.574169999882427	358.86186693993875
7.584179999882048	339.5884211323845
7.594189999881669	327.9826585755152
7.60419999988129	327.77389648841626
7.614209999880911	336.4274233300727
7.624219999880532	343.2211720503303
7.634229999880153	353.1460480209381
7.644239999879774	381.21997221786637
7.654249999879395	410.4834932664742
7.664259999879016	427.4342215959653
7.6742699998786374	437.03377747123494
7.6842799998782585	449.8419957607819
7.6942899998778795	464.46663343932767
7.704299999877501	489.12482050211145
7.714309999877122	513.6552387223055
7.724319999876743	522.4846900947637
7.734329999876364	523.3580158877833
7.744339999875985	523.2739776824901
7.754349999875606	528.6596109091967
7.764359999875227	548.8137367042386
7.774369999874848	575.3298285308648
7.784379999874469	594.9431122744165
7.79438999987409	601.0706890581266
7.804399999873711	433.349584169342
7.814409999873332	441.1686275690936
7.824419999872953	453.1834642537527
7.834429999872574	468.56572725957153
7.844439999872195	494.6903538310174
7.854449999871816	503.2258585198558
7.864459999871437	500.84092393338096
7.874469999871058	409.77082453671693
7.884479999870679	431.2106344734806
7.8944899998703	457.6604353302559
7.9044999998699215	484.60402245275947
7.9145099998695425	504.6170044713883
7.9245199998691636	522.1873515328111
7.934529999868785	544.4129849152965
7.944539999868406	565.0904409424198
7.954549999868027	583.5905418065967
7.964559999867648	598.929204600836
7.974569999867269	615.5197670103422
7.98457999986689	507.7438309285968
7.994589999866511	530.8810467386402
8.004599999866132	549.1335805287091
8.014609999865753	569.4104944128234
8.024619999865374	583.8256206888885
8.034629999864995	592.797069939913
8.044639999864616	451.7151359058815
8.054649999864237	466.74960134580476
8.064659999863858	486.77977967194886
8.07466999986348	507.91569828872207
8.0846799998631	525.7283818231069
8.094689999862721	534.4748857349101
8.104699999862342	543.3380147732794
8.114709999861963	557.1061547612094
8.124719999861584	574.4462202475738
8.134729999861205	579.0841361564562
8.144739999860827	577.3758622659517
8.154749999860448	568.9791679510031
8.164759999860069	569.0406460917565
8.17476999985969	590.8537790645887
8.18477999985931	617.4737833826231
8.194789999858932	478.0638923380464
8.204799999858553	486.1811240478544
8.214809999858174	494.508219734433
8.224819999857795	502.35508763913214
8.234829999857416	504.9778447717096
8.244839999857037	498.6173046408
8.254849999856658	479.7288567996679
8.264859999856279	449.2590125162491
8.2748699998559	417.389203269575
8.284879999855521	378.1372495714842
8.294889999855142	384.0162465862543
8.304899999854763	449.8427460829164
8.314909999854384	497.874171110316
8.324919999854005	528.0163273647678
8.334929999853626	537.9087882119629
8.344939999853247	542.1102954805407
8.354949999852868	535.0878942408051
8.36495999985249	521.2995464234575
8.37496999985211	309.87967402423504
8.384979999851732	293.2031276533926
8.394989999851353	299.98096886862754
8.404999999850974	310.74936217337563
8.415009999850595	321.7487728151594
8.425019999850216	333.0644789790814
8.435029999849837	342.96778969900066
8.445039999849458	351.32165515221766
8.455049999849079	355.412748732841
8.4650599998487	352.2256939787047
8.475069999848321	347.6055749888658
8.485079999847942	345.66008551415433
8.495089999847563	347.3164661568199
8.505099999847184	349.7389273372229
8.515109999846805	350.7671659228492
8.525119999846426	213.76929585144973
8.535129999846047	218.23658159754586
8.545139999845668	219.74941572101645
8.55514999984529	220.81420208860612
8.56515999984491	223.26654320952906
8.575169999844531	231.03195930508124
8.585179999844152	249.29003116047596
8.595189999843774	266.6702979181852
8.605199999843395	282.23053243826735
8.615209999843016	294.6129725188761
8.625219999842637	300.10578554195035
8.635229999842258	308.00006318640834
8.645239999841879	315.72833613264504
8.6552499998415	315.77086259670165
8.66525999984112	306.91107421271676
8.675269999840742	293.33744506802407
8.685279999840363	282.3716766049835
8.695289999839984	260.93261861632436
8.705299999839605	233.12035611663006
8.715309999839226	245.07704244462002
8.725319999838847	282.9286121620895
8.735329999838468	300.7303360621214
8.74533999983809	303.31824445423496
8.75534999983771	295.6351468763071
8.765359999837331	279.93212309471676
8.775369999836952	235.51466549184553
8.785379999836573	173.5777296972788
8.795389999836194	133.1202717646453
8.805399999835815	166.11982442751625
8.815409999835436	194.9552659312536
8.825419999835058	209.1139907305443
8.835429999834679	224.03248084555423
8.8454399998343	246.0990704834235
8.85544999983392	261.02901032992526
8.865459999833542	268.5069060766272
8.875469999833163	261.34148782067643
8.885479999832784	253.30013452203275
8.895489999832405	246.45869513362888
8.905499999832026	260.81200608712635
8.915509999831647	274.346061136469
8.925519999831268	287.5153366621212
8.935529999830889	288.48761654042517
8.94553999983051	282.53327522818194
8.955549999830131	272.3546305793542
8.965559999829752	276.26831530243686
8.975569999829373	290.59238676446665
8.985579999828994	299.6134254179618
8.995589999828615	299.80190821260396
9.005599999828236	290.27812119177025
9.015609999827857	172.46017055528603
9.025619999827478	164.43157095854582
9.0356299998271	162.13602538073164
9.04563999982672	165.2812126691836
9.055649999826342	171.23279858808715
9.065659999825963	179.98591184966284
9.075669999825584	187.83308803342067
9.085679999825205	197.87885320446864
9.095689999824826	206.87618544154716
9.105699999824447	215.81991346345407
9.115709999824068	227.37104566960735
9.125719999823689	237.37045249998266
9.13572999982331	250.66455776042437
9.145739999822931	262.2075595614815
9.155749999822552	274.7745941278207
9.165759999822173	286.3244818252479
9.175769999821794	296.9368023419288
9.185779999821415	307.6399877542763
9.195789999821036	317.3998248075272
9.205799999820657	326.63381848739175
9.215809999820278	334.7492497940443
9.2258199998199	342.37517584470567
9.23582999981952	234.06635363386388
9.245839999819141	238.0801513550032
9.255849999818762	242.23950549931914
9.265859999818383	247.0606948294806
9.275869999818005	252.67462978319298
9.285879999817626	259.23763859644896
9.295889999817247	266.6326537763259
9.305899999816868	273.714389172137
9.315909999816489	280.30278370386515
9.32591999981611	285.8225126638874
9.33592999981573	290.0719421903922
9.345939999815352	293.45752469780376
9.355949999814973	296.34698862736053
9.365959999814594	299.126982034028
9.375969999814215	302.2707788848182
9.385979999813836	305.82499489823203
9.395989999813457	308.75971644438783
9.405999999813078	179.72979318481535
9.4160099998127	182.23828200443484
9.42601999981232	176.07875009080044
9.436029999811941	161.43178891293798
9.446039999811562	156.36805310097807
9.456049999811183	158.0741799472878
9.466059999810804	154.62781446472067
9.476069999810425	168.65992012497873
9.486079999810046	191.91405014291286
9.496089999809668	210.02410525385972
9.506099999809289	215.84412436215132
9.51610999980891	217.4899375621626
9.52611999980853	218.67604421723547
9.536129999808152	219.32486733610534
9.546139999807773	219.4181821498624
9.556149999807394	218.98059979547355
9.566159999807015	218.06830223735474
9.576169999806636	216.7696984061439
9.586179999806257	215.2275188313076
9.596189999805878	213.70500147018242
9.606199999805499	212.721075269143
9.61620999980512	213.03879581180377
9.626219999804741	214.90278630552024
9.636229999804362	217.70009480398022
9.646239999803983	220.83367202748792
9.656249999803604	224.0124837842236
9.666259999803225	227.11731026521326
9.676269999802846	230.1029588667974
9.686279999802467	133.00631791874812
9.696289999802088	139.44704618094158
9.70629999980171	145.80395406028964
9.71630999980133	152.07014909015416
9.726319999800952	45.41410311032091
9.736329999800573	49.239312708527486
9.746339999800194	52.99302442121166
9.756349999799815	56.675615302525706
9.766359999799436	60.28773447491611
9.776369999799057	63.83020504992152
9.786379999798678	62.26902430693033
9.796389999798299	48.18821321411284
9.80639999979792	33.15117170243754
9.816409999797541	28.885724910666926
9.826419999797162	35.1953346936828
9.836429999796783	41.02263035454234
9.846439999796404	39.66302115342046
9.856449999796025	38.787619904819564
9.866459999795646	38.40383309619419
9.876469999795267	38.50086663697637
9.886479999794888	39.050250037326435
9.89648999979451	40.00937541963048
9.90649999979413	41.32684895277834
9.916509999793751	42.94803302170923
9.926519999793372	44.81953729125237
9.936529999792993	46.89214574831951
9.946539999792614	49.12226951424686
9.956549999792236	51.47230622870883
9.966559999791857	53.910323697959285
9.976569999791478	56.40939806294242
9.986579999791099	58.94682242845703
9.99658999979072	61.503306211544235
10.00659999979034	64.06221918532029
10.016609999789962	61.101066661410826
10.026619999789583	46.25642630065441
10.036629999789204	30.310998893879354
10.046639999788825	24.235800422068202
10.056649999788446	29.337840724658953
10.066659999788067	35.58209636583604
10.076669999787688	31.671340060163974
10.08667999978731	27.707512088398104
10.09668999978693	24.2259428658819
10.106699999786551	21.39778897046266
10.116709999786172	19.439669667014805
10.126719999785793	18.55704862201556
10.136729999785414	18.833375031993953
10.146739999785035	20.159835623599847
10.156749999784656	22.29657768940269
10.166759999784277	24.990735308928215
10.176769999783899	28.042503273699687
10.18677999978352	31.313144368537884
10.19678999978314	34.71082332329995
10.206799999782762	28.586264482535256
10.216809999782383	18.971988766031004
10.226819999782004	22.572191949611696
10.236829999781625	26.356006268547677
10.246839999781246	30.21802102154687
10.256849999780867	34.100770901424234
10.266859999780488	37.97141536741572
10.276869999780109	41.81038715074446
10.28687999977973	45.60565082789694
10.296889999779351	49.34965186067355
10.306899999778972	53.03761434989429
10.316909999778593	56.66654797462746
10.326919999778214	60.23464518526124
10.336929999777835	63.7409022361411
10.346939999777456	67.18487347061759
10.356949999777077	70.56650760790575
10.366959999776698	73.88603600888078
10.37696999977632	77.14389477352547
10.38697999977594	80.34066938719654
10.396989999775561	83.4770547200347
10.406999999775183	86.55382568361851
10.417009999774804	89.57181541563921
